이름,이미지링크
방탄소년단,https://platum.kr/wp-content/uploads/2019/06/big-hit-entertainment-bts.png
블랙핑크,http://image.yes24.com/goods/104741361/XL
손흥민,https://cdn.interfootball.co.kr/news/photo/202105/531423_443640_434.jpg
류현진,http://imgpark.donga.com/mbs/fileUpload/201212/1356670748.jpg
이찬원,https://img.mbn.co.kr/filewww/news/2021/11/13/1636779485618f45dde5eed.jpg
이승기,https://biz.chosun.com/resizer/qXSeDNlD_EKYG2QEyRm98Bgc2cw=/616x0/smart/cloudfront-ap-northeast-1.images.arcpublishing.com/chosunbiz/GY5SH7QDLFPFBWRQSLVC7X7TAQ.jpg
임영웅,https://yt3.googleusercontent.com/ytc/AGIKgqO4AzXXth7gJApzWByefKgi98sEahRfH4cYenmiLg=s900-c-k-c0x00ffffff-no-rj
윤여정,https://www.kyongbuk.co.kr/news/photo/202104/2075164_498772_0421.jpg
유재석,https://img3.daumcdn.net/thumb/R658x0.q70/?fname=https://t1.daumcdn.net/news/202301/30/tvdaily/20230130153008457ewvu.jpg
아이유,https://pbs.twimg.com/profile_images/1374979417915547648/vKspl9Et_400x400.jpg
박서준,https://res.heraldm.com/content/image/2021/09/03/20210903000535_0.jpg
장윤정,https://img.hankyung.com/photo/202210/BF.26259821.1.jpg
안정환,https://newsimg.sedaily.com/2019/01/25/1VE6BWOFXO_1.jpg
김연경,https://post-phinf.pstatic.net/MjAyMTA5MTdfMjM1/MDAxNjMxODU4NTQwNjc1.pDX1mCnXPuY5c9S7hQsANoI-Loxi-4a3WdmwvR9wjFYg.MMiOs9e6QWzbKjy4QrSOz30M2f8XFVSwFP5FOncWV0gg.PNG/qq.png?type=w1200
정동원,https://ojsfile.ohmynews.com/PHT_IMG_FILE/2020/1020/IE002707336_PHT.jpg
트와이스,https://upload.wikimedia.org/wikipedia/commons/f/f4/180717_%EC%97%B4%EB%A6%B0%EC%9D%8C%EC%95%85%ED%9A%8C_%ED%8A%B8%EC%99%80%EC%9D%B4%EC%8A%A4_02.jpg
이정재,https://blog.kakaocdn.net/dn/clA2g7/btrIy907Ruv/fDACapte8ysy3eCXMO38T0/img.jpg
이지아,https://images.chosun.com/resizer/LUBPVamBpNxVO9rIPZ4ypVEbz7w=/530x821/smart/cloudfront-ap-northeast-1.images.arcpublishing.com/chosun/GX5HCF6OAD5KWPYJANF5MC5HKQ.jpg
이민호,https://file2.nocutnews.co.kr/newsroom/image/2023/03/02/202303021509309912_0.jpg
김수현,https://file.sportsseoul.com/news/cms/2023/04/28/news-p.v1.20230428.d097ede683654bb7a76c085b7372007e_P1.jpg
수지,https://pds.joongang.co.kr/news/component/htmlphoto_mmdata/202105/04/2182ecd3-b8cc-4993-98a7-8c2568f9fbbc.jpg
김소연,https://i.namu.wiki/i/agcZpRYJccIt2MHrLK3jem0zhCmR9iYOC2oY90VBwyGFGUDurnmpPJkN-qqawo_rLjm0zPJGQbZppPCFkU0IHsEpQc2fbP3ZuMu3hm2z73LupMSFWjzb-EIIUmFQDjZXyV3MvaXdS-Ng7zNn4DbYWA.webp
박은석,http://newsimg.hankookilbo.com/2020/02/18/202002181508066326_18.jpg
영탁,https://img.etnews.com/news/article/2023/01/09/article_09082627324285.jpg
강다니엘,https://img.hankyung.com/photo/202205/03.30094607.1.jpg
전미도,https://postfiles.pstatic.net/MjAyMjEwMDNfMTcz/MDAxNjY0NzkzOTI5ODY4.iBGf-WKRMmQ8ktrnhg7B1xhM9wGXX9sCWZKXyUdY6J0g.rIofgXzPncZATWNo0CpaH_J1db9527PwipoZsq1EyPAg.JPEG.aws0729/20221003_194134.jpg?type=w966
한소희,https://image.ytn.co.kr/general/jpg/2022/0307/202203070934263417_d.jpg
송혜교,https://pds.joongang.co.kr/news/component/htmlphoto_mmdata/201906/27/5f8ea777-4399-4006-8473-ba39c6ec0493.jpg
손예진,https://cdn.ilyoseoul.co.kr/news/photo/201912/353507_270027_416.jpg
송가인,https://ssl.pstatic.net/mimgnews/image/117/2023/03/21/202303211722487963_1_20230321173407006.jpg?type=w540
비,http://cdn.ggilbo.com/news/photo/202005/768232_601483_2710.png
박신혜,https://thumb.mt.co.kr/06/2020/06/2020062218018285603_1.jpg/dims/optimize/
이승윤,https://img1.daumcdn.net/thumb/R658x0.q70/?fname=http://t1.daumcdn.net/news/201706/19/xportsnews/20170619110002679qejm.jpgg
이무진,https://newsimg.sedaily.com/2021/05/14/22MCX0ONUL_1.jpg
아이린,https://news.imaeil.com/photos/2020/10/27/2020102708311174650_l.jpg
안효섭,http://www.babytimes.co.kr/news/photo/202006/37016_56500_2235.jpg
김혜수, https://postfiles.pstatic.net/20150214_177/soso7648_1423892877946AnaxF_PNG/1.png?type=w2
김태희,https://cdn.ppomppu.co.kr/zboard/data3/2017/1209/m_1512788424_7486_i13946260063.jpg
박보검,https://photo.jtbc.co.kr/news/2018/03/06/20180306092102423.jpg
짱구,https://encrypted-tbn0.gstatic.com/images?q=tbn:ANd9GcRB4NAZq4D2sYIzoUUXHrMnYefiPy9-hgICOeeLOCpULOiYl65j-JHGaG--B38XV9aPLCk&usqp=CAU
이효리,https://post-phinf.pstatic.net/MjAxODAzMDJfMjY4/MDAxNTE5OTgwMjM1MDQw.pOom3Uq3TuAq_RI-e0MJtsG7zobNHNK54pzOcIMY2zkg.LKoRys3NocCoi4OeeNKhzhgxWq0sXMbPwqXggEgPqTIg.JPEG/%EC%9D%B4%ED%9A%A8%EB%A6%AC_%EB%A9%94%EC%9D%B4%ED%81%AC%EC%97%85.jpg?type=w1200
백종원,https://jjalbang.today/files/jjalboxthumb/2017/12/102_6646.jpg
박명수,https://i.pinimg.com/736x/96/f7/24/96f724d48c03a0f78285aba544a6ce94.jpg
이광수,https://t1.daumcdn.net/news/202105/25/sbsnoriter/20210525083016141bhfn.jpg
주우재,https://isplus.com/data/isp/image/2023/01/24/isp20230124000035.600x.0.jpg
오수,https://s3.orbi.kr/data/file/united/03499086111ad5bfeddb6bb1647102c7.jpeg
루피,https://blog.kakaocdn.net/dn/GSMWD/btqN2VizE6T/04gMt7YXNvrXnTpaoykbp0/img.jpg
이영지,https://pbs.twimg.com/profile_images/1445377282189578243/X_1X9b5W_400x400.jpg
안유진,https://image.yes24.com/images/chyes24/froala/0/46566/49370.jpeg
흰둥이,https://postfiles.pstatic.net/MjAyMzAxMjlfMjQ2/MDAxNjc0OTg5MDc3NjE3.YmaR55GamuaCulubcoVoekV3s_ORcV1i4gblRxIWY4Mg.Fowd-HL3q8bjNTbWLtCVaRebnQ6seowUN3XXJMS4pvYg.JPEG.wonnieday/IMG_5128.jpg?type=w966